MW;logP;HBA;HBD
306.797;4.015;3;2
527.669;5.98642;6;2
272.352;2.96882;3;2
513.642;5.678;6;2
499.615;5.5039;6;2
